{
	"$baseURI": "https://yal.cc/r/20/pixelfont/",
	"$version": "1.0",
	"in-glyphs": [
		"!\"#$%&'()*+,-",
		"./:;<=>?@[\\]^",
		"_`{|}~",
		"0123456789",
		"ABCDEFGHIJKLM",
		"NOPQRSTUVWXYZ",
		"abcdefghijklm",
		"nopqrstuvwxyz",
		"АБВГДЕЁЖЗИЙКЛ",
		"МНОПРСТУФХЦЧШ",
		"ЩЪЫЬЭЮЯ",
		"абвгдеёжзийкл",
		"мнопрстуфхцчш",
		"щъыьэюя"
	],
	"glyph-color": "black",
	"in-kerning": [
		""
	],
	"glyph-width": 6,
	"glyph-height": 7,
	"glyph-ofs-x": 1,
	"glyph-ofs-y": 1,
	"glyph-sep-x": 1,
	"glyph-sep-y": 1,
	"glyph-base-x": 0,
	"glyph-baseline": 6,
	"glyph-spacing": 1,
	"font-is-mono": false,
	"font-em-square": 1024,
	"font-line-gap": 256,
	"font-ascend": 640,
	"font-descend": -128,
	"font-px-size": 128,
	"font-name": "LazyFox Pixel Font 7",
	"font-author": "LazyFox",
	"font-copy": "CC BY 4.0",
	"font-version": "Version 1.0",
	"font-desc": "Pixel font with standart 3x4px",
	"font-license": "",
	"font-license-url": "https://lazy-fox.itch.io/lazy-pixel-fonts",
	"font-sample-text": "",
	"font-preview-text": [
		"!\"#$%&'()*+,-./:;<=>?@[\\]^_`{|}~",
		"0123456789",
		"a+b=c (20) Font: 13",
		"THE QUICK BROWN FOX JUMPS OVER THE LAZY DOG;",
		"The Quick Brown Fox Jumps Over The Lazy Dog,",
		"the quick brown fox jumps over the lazy dog.",
		"а+б=с (20) Шрифт: 13",
		"СЪЕШЬ ЖЕ ЕЩЁ ЭТИХ МЯГКИХ ФРАНЦУЗСКИХ БУЛОК ДА ВЫПЕЙ ЧАЮ;",
		"Съешь Же Ещё Этих Мягких Французских Булок Да Выпей Чаю,",
		"съешь же ещё этих мягких французских булок да выпей чаю.",
		""
	]
}